ID,区域,注册时间,注册资本,行业,企业类型,控制人类型,控制人持股比例,flag
990,广西,2014,8440,社区服务,集体所有制企业,自然人,0.75,1
1274,广西,2001,5350,零售业,集体所有制企业,自然人,0.85,1
2992,广西,2007,2670,工业,合伙企业,自然人,0.97,1
4107,广西,2004,7980,社区服务,股份有限公司,企业法人,0.96,1
7824,广西,2013,7930,交通运输业,集体所有制企业,企业法人,0.95,1
10999,广西,2001,1740,社区服务,农民专业合作社,企业法人,0.76,1
12404,广西,2013,5700,服务业,集体所有制企业,企业法人,0.67,1
13593,广西,2003,360,社区服务,有限责任公司,自然人,0.81,1
19317,广西,2011,1410,商业服务业,股份有限公司,自然人,0.76,1
19651,广西,2009,2310,交通运输业,农民专业合作社,企业法人,0.82,1
20921,广西,2001,8390,工业,有限责任公司,企业法人,0.52,1
23245,广西,2000,7040,交通运输业,有限责任公司,自然人,0.76,1
25947,广西,2006,4720,交通运输业,股份有限公司,企业法人,0.64,1
27258,广西,2006,990,商业服务业,集体所有制企业,企业法人,0.87,1
27678,广西,2009,5980,商业服务业,有限责任公司,自然人,0.8,1
30246,广西,2001,NA,工业,股份有限公司,自然人,0.9,1
32128,广西,2011,7670,交通运输业,合伙企业,企业法人,0.93,1
32760,广西,2006,1420,零售业,股份有限公司,企业法人,0.58,1
38864,广西,2010,8420,交通运输业,合伙企业,NA,0.76,1
40190,广西,2006,7390,商业服务业,集体所有制企业,自然人,0.67,1
40950,广西,2001,5720,工业,合伙企业,企业法人,0.54,1
42484,广西,2001,4650,社区服务,合伙企业,自然人,0.82,1
45362,广西,2000,4570,零售业,农民专业合作社,企业法人,0.8,1
48228,广西,2014,5170,工业,农民专业合作社,企业法人,0.55,1
49019,广西,2002,460,交通运输业,股份有限公司,企业法人,0.83,1
49446,广西,2000,7500,工业,合伙企业,自然人,0.75,1
51078,广西,2014,1200,社区服务,合伙企业,企业法人,0.93,1
52327,广西,2000,7370,交通运输业,合伙企业,NA,0.72,1
52443,广西,2007,910,商业服务业,有限责任公司,自然人,0.82,1
56906,广西,2003,4290,工业,集体所有制企业,自然人,0.52,1
57172,广西,2006,7470,零售业,集体所有制企业,企业法人,0.76,1
57345,广西,2010,8730,工业,NA,自然人,0.82,1
58140,广西,2001,1150,社区服务,农民专业合作社,自然人,0.86,1
58233,广西,2002,5560,服务业,农民专业合作社,企业法人,0.62,1
62367,广西,2014,8540,商业服务业,集体所有制企业,企业法人,0.55,1
63724,广西,2012,9310,商业服务业,集体所有制企业,自然人,0.55,1
64092,广西,2010,8670,交通运输业,集体所有制企业,自然人,0.6,1
64162,广西,2009,6600,服务业,股份有限公司,自然人,0.87,1
64176,广西,2012,5750,服务业,合伙企业,自然人,0.65,1
66064,广西,2003,8500,社区服务,有限责任公司,企业法人,0.85,1
66514,广西,2010,5720,商业服务业,股份有限公司,企业法人,0.59,1
67350,广西,2009,2960,服务业,集体所有制企业,企业法人,0.9,1
67479,广西,2010,5190,商业服务业,股份有限公司,企业法人,0.65,1
73286,广西,2004,9620,商业服务业,合伙企业,企业法人,0.63,1
73593,广西,2007,4670,零售业,合伙企业,企业法人,0.52,1
74820,广西,2002,2850,交通运输业,股份有限公司,企业法人,0.87,1
74854,广西,2001,3500,商业服务业,集体所有制企业,自然人,0.57,1
77280,广西,2007,4190,社区服务,有限责任公司,自然人,0.97,1
77443,广西,2005,3680,社区服务,集体所有制企业,自然人,0.84,1
79604,广西,2006,4490,社区服务,农民专业合作社,自然人,0.82,1
79829,广西,2006,7170,工业,农民专业合作社,自然人,0.8,1
83043,广西,2008,1960,工业,合伙企业,自然人,0.67,1
83045,广西,2003,630,交通运输业,有限责任公司,自然人,0.8,1
86620,广西,2001,4870,商业服务业,合伙企业,自然人,0.76,1
90008,广西,2013,9640,社区服务,有限责任公司,企业法人,0.82,1
91676,广西,2001,9620,零售业,股份有限公司,自然人,0.88,1
92498,广西,2003,9750,商业服务业,有限责任公司,企业法人,0.69,1
96309,广西,2014,2570,工业,集体所有制企业,企业法人,0.69,1
96474,广西,2011,7580,工业,合伙企业,企业法人,0.85,1
98555,广西,2013,1490,服务业,合伙企业,自然人,0.77,1
100042,广西,2007,1980,交通运输业,集体所有制企业,自然人,0.64,1
101338,广西,2003,5250,商业服务业,有限责任公司,企业法人,0.93,1
101612,广西,2007,5710,商业服务业,股份有限公司,自然人,0.83,1
110894,广西,2004,7920,服务业,股份有限公司,企业法人,0.97,1
113401,广西,2006,1620,交通运输业,有限责任公司,自然人,0.7,1
114098,广西,2005,3020,工业,农民专业合作社,自然人,0.54,1
114396,广西,2003,9420,交通运输业,股份有限公司,自然人,0.77,1
117784,广西,2014,390,零售业,有限责任公司,自然人,0.63,1
119075,广西,2001,6600,工业,有限责任公司,企业法人,0.7,1
119937,广西,2014,8990,零售业,股份有限公司,自然人,0.86,1
122941,广西,2013,880,社区服务,合伙企业,自然人,0.79,1
126114,广西,2004,9230,服务业,农民专业合作社,企业法人,0.65,1
126269,广西,2002,3070,商业服务业,农民专业合作社,自然人,0.57,1
127861,广西,2013,3440,商业服务业,合伙企业,企业法人,0.85,1
133740,广西,2010,8880,工业,合伙企业,企业法人,0.62,1
134139,广西,2008,1170,服务业,集体所有制企业,自然人,0.8,1
137131,广西,2009,5480,工业,农民专业合作社,自然人,0.65,1
138147,广西,2000,9990,交通运输业,有限责任公司,自然人,0.86,1
148170,广西,2012,5420,服务业,集体所有制企业,企业法人,0.62,1
148879,广西,2007,6450,社区服务,股份有限公司,自然人,0.64,1
149478,广西,2001,6050,零售业,股份有限公司,企业法人,0.75,1
152661,广西,2001,5360,商业服务业,合伙企业,自然人,0.86,1
155048,广西,2011,8370,交通运输业,农民专业合作社,企业法人,0.68,1
157507,广西,2001,8260,零售业,股份有限公司,企业法人,NA,1
157549,广西,2000,9610,零售业,股份有限公司,企业法人,0.84,1
157901,广西,2007,2930,交通运输业,股份有限公司,自然人,0.55,1
160388,广西,NA,4770,交通运输业,NA,企业法人,0.6,1
161830,广西,2007,9870,服务业,合伙企业,企业法人,0.83,1
163753,广西,2014,2800,服务业,农民专业合作社,企业法人,0.6,1
165452,广西,2012,5980,商业服务业,合伙企业,企业法人,0.93,1
166522,广西,2010,7600,商业服务业,农民专业合作社,自然人,0.86,1
166571,广西,2005,9910,零售业,合伙企业,企业法人,0.75,1
167215,广西,2007,1600,交通运输业,农民专业合作社,自然人,0.62,1
168291,广西,2011,8230,交通运输业,集体所有制企业,企业法人,0.59,1
169222,广西,2014,5500,工业,股份有限公司,自然人,0.98,1
169392,广西,2001,7510,社区服务,有限责任公司,企业法人,0.67,1
169435,广西,2001,330,社区服务,合伙企业,自然人,0.94,1
170662,广西,2010,5060,交通运输业,合伙企业,自然人,0.88,1
171828,广西,2007,7810,零售业,股份有限公司,自然人,0.92,1
172537,广西,2011,650,服务业,集体所有制企业,企业法人,0.95,1
173825,广西,2004,8280,服务业,农民专业合作社,自然人,0.73,1
174801,广西,2003,3630,社区服务,股份有限公司,企业法人,0.7,1
175257,广西,2002,8640,零售业,有限责任公司,企业法人,0.98,1
179011,广西,2001,7320,服务业,有限责任公司,企业法人,0.8,1
181021,广西,2006,7850,工业,合伙企业,企业法人,0.59,1
181160,广西,2003,2750,服务业,股份有限公司,自然人,0.93,1
181387,广西,2008,2400,交通运输业,合伙企业,企业法人,0.65,1
181396,广西,2002,2190,服务业,农民专业合作社,企业法人,0.91,1
181456,广西,2002,9020,服务业,农民专业合作社,企业法人,0.82,1
182709,广西,2010,3920,商业服务业,合伙企业,自然人,0.59,1
183746,广西,2003,8970,交通运输业,合伙企业,企业法人,0.95,1
185487,广西,2002,7450,工业,有限责任公司,自然人,0.95,1
187828,广西,2013,1840,零售业,合伙企业,企业法人,0.88,1
188778,广西,2011,3700,工业,有限责任公司,自然人,0.61,1
192347,广西,2003,2010,交通运输业,农民专业合作社,企业法人,0.91,1
192580,广西,2008,5730,交通运输业,集体所有制企业,自然人,0.7,1
193594,广西,2001,7580,工业,股份有限公司,自然人,0.55,1
193744,广西,2013,6240,商业服务业,集体所有制企业,企业法人,0.59,1
194287,广西,2001,7070,社区服务,合伙企业,企业法人,0.85,1
194979,广西,2009,4490,服务业,农民专业合作社,企业法人,0.55,1
198154,广西,2004,7710,服务业,农民专业合作社,企业法人,0.68,1
198404,广西,2006,570,工业,合伙企业,自然人,0.78,1
199845,广西,2002,3320,交通运输业,股份有限公司,自然人,0.53,1
201460,广西,2002,3100,服务业,集体所有制企业,企业法人,0.61,1
203002,广西,2010,2330,工业,有限责任公司,自然人,0.8,1
204446,广西,2013,940,社区服务,合伙企业,企业法人,0.95,1
206102,广西,NA,4900,商业服务业,农民专业合作社,自然人,0.64,1
208177,广西,2010,6410,交通运输业,集体所有制企业,企业法人,0.75,1
208764,广西,2005,8140,工业,有限责任公司,自然人,0.81,1
209797,广西,2008,6010,社区服务,有限责任公司,企业法人,0.88,1
210213,广西,2005,8180,服务业,有限责任公司,自然人,0.51,1
211011,广西,2006,9460,零售业,股份有限公司,企业法人,0.88,1
211193,广西,2009,9620,商业服务业,农民专业合作社,企业法人,0.94,1
214131,广西,2013,670,商业服务业,合伙企业,企业法人,0.97,1
215659,广西,2001,2040,工业,农民专业合作社,企业法人,0.97,1
216739,广西,2009,6120,交通运输业,有限责任公司,企业法人,0.55,1
218743,广西,2001,780,交通运输业,NA,企业法人,0.71,1
219396,广西,2012,4630,社区服务,股份有限公司,自然人,0.58,1
220707,广西,2001,4660,零售业,农民专业合作社,自然人,0.74,1
222994,广西,2008,5720,商业服务业,农民专业合作社,企业法人,0.62,1
223127,广西,2008,5890,零售业,农民专业合作社,企业法人,0.97,1
224144,广西,2014,9540,工业,农民专业合作社,自然人,0.87,1
224403,广西,NA,1730,工业,股份有限公司,自然人,0.84,1
228152,广西,2005,5500,商业服务业,农民专业合作社,自然人,0.97,1
229158,广西,2007,540,服务业,集体所有制企业,企业法人,0.58,1
232362,广西,2004,8480,商业服务业,股份有限公司,自然人,0.97,1
232887,广西,2005,8380,社区服务,农民专业合作社,自然人,0.51,1
233100,广西,2011,7890,零售业,集体所有制企业,企业法人,0.71,1
236218,广西,2013,3460,商业服务业,集体所有制企业,企业法人,0.79,1
236972,广西,2003,7830,工业,有限责任公司,企业法人,0.96,1
236998,广西,2012,1530,工业,有限责任公司,企业法人,0.61,1
240043,广西,2003,3920,服务业,农民专业合作社,企业法人,0.58,1
241465,广西,2010,8420,交通运输业,有限责任公司,自然人,0.94,1
246386,广西,2010,1490,工业,有限责任公司,企业法人,0.69,1
259020,广西,2009,6450,社区服务,集体所有制企业,企业法人,0.69,1
259271,广西,2011,8170,交通运输业,集体所有制企业,企业法人,0.74,1
262372,广西,2011,4350,零售业,有限责任公司,企业法人,0.86,1
262861,广西,2004,7380,交通运输业,集体所有制企业,自然人,0.62,1
263434,广西,2006,930,交通运输业,股份有限公司,自然人,0.86,1
265329,广西,2007,9060,商业服务业,股份有限公司,企业法人,0.6,1
265393,广西,2005,7740,工业,集体所有制企业,企业法人,NA,1
265490,广西,2011,9110,社区服务,合伙企业,企业法人,0.59,1
265651,广西,2011,290,社区服务,农民专业合作社,企业法人,0.69,1
266075,广西,2005,3250,社区服务,集体所有制企业,自然人,0.55,1
266803,广西,2005,3990,商业服务业,农民专业合作社,企业法人,0.83,1
269792,广西,2010,4240,商业服务业,股份有限公司,自然人,0.93,1
270678,广西,2002,4690,商业服务业,集体所有制企业,自然人,0.54,1
270878,广西,2001,9360,商业服务业,农民专业合作社,自然人,0.77,1
275128,广西,2012,5910,社区服务,农民专业合作社,企业法人,0.94,1
275328,广西,2005,2260,社区服务,有限责任公司,自然人,0.7,1
275822,广西,2005,4300,零售业,合伙企业,自然人,0.83,1
278980,广西,2006,2540,零售业,股份有限公司,企业法人,0.73,1
279920,广西,2002,3510,商业服务业,股份有限公司,自然人,0.93,1
282161,广西,2003,1360,工业,集体所有制企业,企业法人,0.74,1
282834,广西,2000,8450,商业服务业,集体所有制企业,自然人,0.93,1
283327,广西,2008,9750,社区服务,有限责任公司,企业法人,0.79,1
283366,广西,2004,1050,商业服务业,集体所有制企业,自然人,0.79,1
285005,广西,2011,5990,服务业,集体所有制企业,自然人,0.71,1
285544,广西,2010,7490,社区服务,NA,企业法人,0.89,1
285948,广西,2014,9620,零售业,农民专业合作社,企业法人,0.71,1
286404,广西,2003,1430,社区服务,农民专业合作社,企业法人,0.67,1
288181,广西,2005,2620,工业,股份有限公司,自然人,0.68,1
289201,广西,2006,NA,零售业,集体所有制企业,自然人,0.76,1
290551,广西,2011,5610,工业,股份有限公司,企业法人,0.71,1
292374,广西,2003,6770,工业,农民专业合作社,企业法人,0.57,1
295008,广西,2011,6050,工业,合伙企业,企业法人,0.82,1
295597,广西,2013,4940,零售业,农民专业合作社,企业法人,NA,1
295671,广西,2012,2990,服务业,合伙企业,企业法人,0.69,1
296965,广西,2008,7180,工业,农民专业合作社,自然人,0.77,1
297023,广西,2001,2580,零售业,有限责任公司,企业法人,0.59,1
297400,广西,2007,6400,零售业,农民专业合作社,自然人,0.96,1
299106,广西,2010,1160,交通运输业,合伙企业,企业法人,0.98,1
299136,广西,2003,5350,商业服务业,有限责任公司,企业法人,0.53,1
300134,广西,2013,8730,零售业,农民专业合作社,企业法人,0.79,1
300433,广西,2004,1820,交通运输业,股份有限公司,企业法人,0.89,1
301447,广西,2007,7370,服务业,有限责任公司,企业法人,0.98,1
302369,广西,2004,7670,服务业,农民专业合作社,企业法人,0.62,1
303579,广西,2008,2520,工业,股份有限公司,自然人,0.6,1
304520,广西,2007,8560,商业服务业,集体所有制企业,自然人,0.94,1
311574,广西,2004,240,社区服务,农民专业合作社,企业法人,0.91,1
311906,广西,2013,4860,工业,股份有限公司,自然人,0.52,1
312898,广西,2014,7640,社区服务,有限责任公司,自然人,0.71,1
315839,广西,2013,2450,零售业,有限责任公司,自然人,0.92,1
316814,广西,2011,3070,社区服务,股份有限公司,自然人,0.95,1
316921,广西,2008,6940,社区服务,合伙企业,企业法人,0.74,1
319157,广西,2004,4600,社区服务,农民专业合作社,自然人,0.79,1
321353,广西,2000,8380,零售业,有限责任公司,自然人,0.59,1
323091,广西,2003,1840,工业,股份有限公司,企业法人,0.65,1
323330,广西,2009,8830,交通运输业,合伙企业,自然人,0.77,1
324435,广西,2011,6060,服务业,农民专业合作社,自然人,0.61,1
324985,广西,2001,8300,商业服务业,集体所有制企业,企业法人,0.53,1
326570,广西,2004,4080,商业服务业,农民专业合作社,自然人,0.58,1
326897,广西,2007,9780,交通运输业,合伙企业,企业法人,0.51,1
328733,广西,2003,9180,交通运输业,股份有限公司,自然人,0.79,1
330070,广西,2001,9210,交通运输业,有限责任公司,NA,0.51,1
331259,广西,2013,8900,工业,NA,企业法人,0.94,1
331679,广西,2001,760,零售业,股份有限公司,自然人,0.55,1
334294,广西,2001,7980,交通运输业,农民专业合作社,自然人,0.88,1
336517,广西,2004,7670,商业服务业,有限责任公司,企业法人,0.62,1
336903,广西,2013,6540,商业服务业,有限责任公司,自然人,0.98,1
338890,广西,2006,7860,零售业,农民专业合作社,企业法人,0.97,1
338914,广西,2004,8360,零售业,股份有限公司,企业法人,0.82,1
338941,广西,2007,3630,交通运输业,股份有限公司,企业法人,0.81,1
338985,广西,2009,7170,商业服务业,有限责任公司,企业法人,0.8,1
344805,广西,2001,1800,商业服务业,集体所有制企业,自然人,0.88,1
349793,广西,2002,3770,NA,有限责任公司,企业法人,0.58,1
350597,广西,2009,9300,NA,集体所有制企业,企业法人,0.92,1
354593,广西,2005,5090,零售业,股份有限公司,自然人,0.84,1
354722,广西,2009,1560,交通运输业,有限责任公司,企业法人,0.85,1
357952,广西,2007,2790,交通运输业,有限责任公司,自然人,0.98,1
358665,广西,2008,4980,交通运输业,集体所有制企业,自然人,0.85,1
359665,广西,2007,8430,零售业,农民专业合作社,企业法人,0.61,1
363087,广西,2013,4280,工业,有限责任公司,自然人,0.56,1
367969,广西,2003,2160,零售业,有限责任公司,自然人,0.52,1
369469,广西,2003,6690,工业,集体所有制企业,自然人,0.79,1
370940,广西,2007,4190,工业,合伙企业,企业法人,0.65,1
373771,广西,2009,2910,工业,股份有限公司,自然人,0.58,1
374361,广西,2010,3070,服务业,集体所有制企业,自然人,0.98,1
374801,广西,2002,2590,零售业,合伙企业,自然人,0.77,1
376252,广西,2001,6820,交通运输业,有限责任公司,自然人,0.87,1
376980,广西,2010,6520,工业,农民专业合作社,企业法人,0.64,1
377914,广西,2013,7730,交通运输业,有限责任公司,自然人,0.59,1
377922,广西,2014,1870,工业,农民专业合作社,自然人,0.93,1
378165,广西,2011,5160,交通运输业,农民专业合作社,自然人,0.69,1
378252,广西,2000,8900,交通运输业,合伙企业,企业法人,0.79,1
378572,广西,2000,4640,工业,有限责任公司,企业法人,0.82,1
381294,广西,2013,2330,工业,集体所有制企业,自然人,0.92,1
382579,广西,2013,930,工业,合伙企业,自然人,0.78,1
383914,广西,2009,6430,服务业,农民专业合作社,企业法人,0.62,1
384654,广西,2013,2110,商业服务业,集体所有制企业,自然人,0.98,1
385416,广西,2012,800,商业服务业,有限责任公司,企业法人,0.54,1
386059,广西,2002,3080,零售业,集体所有制企业,企业法人,0.54,1
386119,广西,2003,6300,社区服务,集体所有制企业,企业法人,0.96,1
387291,广西,2004,310,交通运输业,股份有限公司,自然人,0.72,1
387929,广西,2009,1320,工业,农民专业合作社,企业法人,0.97,1
388148,广西,2007,6070,工业,集体所有制企业,企业法人,0.64,1
388612,广西,2003,2390,服务业,合伙企业,企业法人,0.6,1
388873,广西,2010,8880,商业服务业,股份有限公司,企业法人,0.71,1
391970,广西,2004,9560,社区服务,农民专业合作社,企业法人,0.58,1
394981,广西,2002,3700,商业服务业,合伙企业,自然人,0.82,1
395096,广西,2001,3040,零售业,股份有限公司,企业法人,0.75,1
396836,广西,2001,8110,社区服务,有限责任公司,企业法人,0.67,1
397558,广西,2002,2030,交通运输业,有限责任公司,自然人,0.51,1
399084,广西,2000,3860,商业服务业,合伙企业,自然人,0.73,1
399779,广西,2002,5180,零售业,农民专业合作社,企业法人,0.79,1
400734,广西,2006,5200,社区服务,集体所有制企业,企业法人,0.89,1
405953,广西,2004,4040,交通运输业,集体所有制企业,企业法人,0.98,1
408702,广西,2004,6070,社区服务,集体所有制企业,企业法人,0.79,1
410312,广西,2000,4980,服务业,合伙企业,企业法人,0.54,1
411159,广西,2013,5080,交通运输业,集体所有制企业,企业法人,0.8,1
412265,广西,2001,840,交通运输业,农民专业合作社,自然人,0.57,1
412973,广西,2003,5560,交通运输业,有限责任公司,企业法人,0.9,1
413995,广西,2007,1170,商业服务业,股份有限公司,自然人,0.53,1
415107,广西,2006,7420,商业服务业,有限责任公司,企业法人,0.83,1
416127,广西,2014,4980,商业服务业,有限责任公司,企业法人,0.58,1
416836,广西,2011,390,服务业,有限责任公司,自然人,0.67,1
420516,广西,2010,1040,工业,股份有限公司,自然人,0.91,1
420765,广西,2000,3370,零售业,集体所有制企业,自然人,0.81,1
421584,广西,2007,2020,工业,股份有限公司,企业法人,0.65,1
421848,广西,2005,1590,零售业,集体所有制企业,企业法人,0.64,1
421941,广西,2008,5320,服务业,股份有限公司,自然人,1,1
424042,广西,2004,550,工业,集体所有制企业,自然人,0.84,1
424194,广西,2009,1710,交通运输业,股份有限公司,企业法人,0.64,1
425799,广西,2014,4990,商业服务业,集体所有制企业,企业法人,0.83,1
427577,广西,2003,8480,工业,有限责任公司,自然人,0.62,1
433925,广西,2000,9990,社区服务,股份有限公司,自然人,0.99,1
434516,广西,2002,4710,商业服务业,合伙企业,企业法人,0.54,1
436337,广西,2003,6500,工业,农民专业合作社,自然人,0.82,1
436981,广西,2009,7200,社区服务,集体所有制企业,企业法人,0.87,1
437846,广西,2009,7980,商业服务业,有限责任公司,自然人,0.74,1
438410,广西,2013,5850,交通运输业,合伙企业,企业法人,0.82,1
439768,广西,2010,5850,商业服务业,农民专业合作社,自然人,0.7,1
440491,广西,2006,1880,零售业,集体所有制企业,企业法人,0.96,1
440898,广西,2005,9930,工业,合伙企业,企业法人,0.7,1
441102,广西,2003,9570,服务业,有限责任公司,企业法人,0.75,1
443921,广西,2013,4860,服务业,NA,自然人,0.59,1
444217,广西,2005,6360,服务业,股份有限公司,自然人,0.75,1
444903,广西,2000,2950,工业,农民专业合作社,自然人,1,1
445208,广西,2000,6350,商业服务业,合伙企业,企业法人,0.67,1
447426,广西,2012,8980,交通运输业,有限责任公司,企业法人,0.75,1
447720,广西,2014,1630,社区服务,集体所有制企业,企业法人,0.51,1
448554,广西,2001,6810,交通运输业,股份有限公司,自然人,0.65,1
448678,广西,2013,2870,社区服务,有限责任公司,企业法人,0.81,1
449022,广西,2011,3280,服务业,集体所有制企业,自然人,0.92,1
449239,广西,2009,5250,工业,合伙企业,企业法人,0.75,1
451072,广西,2009,6550,零售业,股份有限公司,自然人,0.51,1
454116,广西,2004,2640,社区服务,股份有限公司,企业法人,0.56,1
458712,广西,2004,2710,服务业,合伙企业,自然人,0.64,1
461686,广西,NA,3360,服务业,农民专业合作社,企业法人,0.68,1
462767,广西,2007,4210,服务业,集体所有制企业,企业法人,0.64,1
463109,广西,2010,1900,服务业,集体所有制企业,企业法人,0.73,1
463211,广西,2003,4990,商业服务业,集体所有制企业,企业法人,0.95,1
464710,广西,2004,510,商业服务业,农民专业合作社,自然人,0.83,1
465593,广西,2003,1320,商业服务业,合伙企业,自然人,0.75,1
466113,广西,2008,10000,零售业,有限责任公司,企业法人,0.79,1
468201,广西,2003,1030,服务业,有限责任公司,企业法人,0.52,1
469134,广西,2014,1310,零售业,有限责任公司,企业法人,0.52,1
470384,广西,2007,2070,工业,股份有限公司,自然人,0.7,1
471102,广西,2011,7800,商业服务业,集体所有制企业,自然人,0.6,1
471764,广西,2012,8900,商业服务业,合伙企业,自然人,0.51,1
473990,广西,2004,7880,工业,股份有限公司,自然人,0.8,1
474926,广西,2006,3980,社区服务,有限责任公司,企业法人,0.6,1
475660,广西,2000,450,服务业,集体所有制企业,企业法人,0.64,1
475740,广西,2001,3320,工业,农民专业合作社,自然人,0.79,1
477537,广西,2006,3940,社区服务,农民专业合作社,自然人,0.58,1
478565,广西,2008,690,工业,集体所有制企业,企业法人,0.78,1
480036,广西,2002,2720,交通运输业,股份有限公司,自然人,0.68,1
482272,广西,2004,1990,零售业,农民专业合作社,企业法人,0.74,1
484577,广西,2001,9670,社区服务,集体所有制企业,自然人,0.93,1
485393,广西,2003,4310,商业服务业,NA,企业法人,0.64,1
487065,广西,2002,6380,商业服务业,农民专业合作社,企业法人,0.72,1
490407,广西,2010,9460,工业,有限责任公司,自然人,0.75,1
491079,广西,2000,250,交通运输业,有限责任公司,自然人,0.73,1
493110,广西,2003,7830,商业服务业,集体所有制企业,自然人,0.99,1
494425,广西,2000,5940,零售业,集体所有制企业,企业法人,0.83,1
495563,广西,2010,9570,零售业,股份有限公司,企业法人,0.63,1
496012,广西,2009,6550,交通运输业,股份有限公司,自然人,0.7,1
497022,广西,NA,390,交通运输业,股份有限公司,自然人,0.53,1
497504,广西,2001,2910,工业,集体所有制企业,自然人,0.56,1
498579,广西,2001,480,交通运输业,股份有限公司,自然人,0.74,1
499644,广西,2010,4560,交通运输业,合伙企业,自然人,0.8,1
501915,广西,2006,5640,服务业,股份有限公司,自然人,0.84,1
506492,广西,2008,6990,社区服务,合伙企业,自然人,0.9,1
508828,广西,2010,7610,社区服务,农民专业合作社,自然人,1,1
509397,广西,2011,1100,服务业,有限责任公司,企业法人,1,1
509510,广西,2009,1250,商业服务业,合伙企业,企业法人,0.59,1
510473,广西,2002,6280,商业服务业,合伙企业,企业法人,0.71,1
511892,广西,2004,7960,零售业,合伙企业,企业法人,0.75,1
517989,广西,2013,3760,零售业,合伙企业,自然人,0.87,1
519919,广西,2001,2560,社区服务,农民专业合作社,企业法人,0.81,1
521075,广西,2014,920,零售业,集体所有制企业,自然人,0.77,1
524488,广西,2014,2700,商业服务业,合伙企业,自然人,0.53,1
524680,广西,2006,5270,服务业,农民专业合作社,自然人,0.8,1
525173,广西,2004,2880,NA,股份有限公司,自然人,0.97,1
526509,广西,2010,3050,交通运输业,合伙企业,企业法人,0.78,1
527669,广西,2002,3990,社区服务,农民专业合作社,自然人,0.61,1
528842,广西,2013,4400,社区服务,有限责任公司,企业法人,0.73,1
529342,广西,NA,1520,工业,农民专业合作社,自然人,0.68,1
531824,广西,2001,7920,商业服务业,有限责任公司,自然人,0.81,1
533935,广西,2000,2290,零售业,股份有限公司,自然人,0.69,1
534261,广西,2011,6240,工业,股份有限公司,自然人,0.72,1
535619,广西,2011,2220,社区服务,有限责任公司,自然人,0.58,1
535826,广西,2007,7430,工业,合伙企业,自然人,0.97,1
537281,广西,2001,2120,社区服务,股份有限公司,自然人,0.67,1
537465,广西,2007,920,社区服务,股份有限公司,企业法人,0.98,1
539467,广西,2008,1820,零售业,股份有限公司,企业法人,0.64,1
539543,广西,2001,8210,社区服务,股份有限公司,企业法人,0.53,1
542535,广西,2012,390,零售业,有限责任公司,自然人,0.58,1
543620,广西,2005,690,交通运输业,农民专业合作社,企业法人,0.88,1
543645,广西,2007,9160,服务业,合伙企业,自然人,0.94,1
547376,广西,2011,6690,交通运输业,股份有限公司,自然人,0.7,1
548190,广西,2006,5420,社区服务,合伙企业,企业法人,0.58,1
549399,广西,2008,6320,零售业,合伙企业,企业法人,0.66,1
551688,广西,2010,4290,零售业,股份有限公司,自然人,0.86,1
554196,广西,2001,1330,社区服务,有限责任公司,自然人,0.62,1
556924,广西,2014,8870,交通运输业,集体所有制企业,企业法人,0.8,1
559966,广西,2011,6700,服务业,集体所有制企业,自然人,0.76,1
562333,广西,2011,9690,商业服务业,合伙企业,企业法人,0.79,1
563237,广西,2008,4730,零售业,农民专业合作社,自然人,0.67,1
563705,广西,2006,410,工业,集体所有制企业,企业法人,0.77,1
564775,广西,2006,9800,零售业,有限责任公司,自然人,0.68,1
564803,广西,2006,730,工业,股份有限公司,企业法人,0.83,1
566550,广西,2008,NA,商业服务业,农民专业合作社,NA,0.86,1
568065,广西,2010,1280,商业服务业,农民专业合作社,自然人,0.92,1
570088,广西,2012,2650,零售业,合伙企业,企业法人,0.77,1
571158,广西,2002,7470,商业服务业,合伙企业,自然人,0.87,1
571176,广西,2001,4870,零售业,股份有限公司,企业法人,0.73,1
573585,广西,2011,700,社区服务,股份有限公司,自然人,0.87,1
574791,广西,2000,1040,交通运输业,合伙企业,企业法人,0.73,1
576835,广西,2012,6530,社区服务,有限责任公司,自然人,0.75,1
577886,广西,2000,2680,交通运输业,股份有限公司,企业法人,1,1
578140,广西,2001,9160,社区服务,股份有限公司,自然人,0.98,1
583277,广西,2006,590,零售业,有限责任公司,自然人,0.87,1
583647,广西,2012,8090,商业服务业,合伙企业,企业法人,0.83,1
584685,广西,2008,5780,交通运输业,集体所有制企业,自然人,0.96,1
585529,广西,2014,1630,社区服务,股份有限公司,企业法人,0.96,1
586637,广西,2010,8260,零售业,农民专业合作社,自然人,0.8,1
589127,广西,2007,8100,交通运输业,股份有限公司,企业法人,0.65,1
589665,广西,2000,2960,社区服务,集体所有制企业,企业法人,0.66,1
589683,广西,2012,1940,商业服务业,集体所有制企业,企业法人,0.56,1
591170,广西,2011,6140,交通运输业,合伙企业,自然人,0.91,1
593907,广西,2006,1640,服务业,有限责任公司,企业法人,0.57,1
594009,广西,2014,3020,工业,股份有限公司,自然人,0.78,1
594630,广西,2011,4650,交通运输业,农民专业合作社,自然人,0.65,1
595063,广西,2007,6670,交通运输业,集体所有制企业,企业法人,0.73,1
595542,广西,2007,1560,交通运输业,集体所有制企业,企业法人,0.63,1
600338,广西,2002,4630,零售业,农民专业合作社,自然人,0.57,1
601226,广西,2011,1900,服务业,集体所有制企业,自然人,0.78,1
602270,广西,2012,5830,交通运输业,有限责任公司,自然人,0.63,1
603635,广西,2000,690,工业,集体所有制企业,自然人,0.87,1
603765,广西,2000,1870,工业,集体所有制企业,自然人,0.64,1
604133,广西,2003,8740,商业服务业,农民专业合作社,企业法人,0.52,1
604765,广西,2011,5520,零售业,有限责任公司,企业法人,0.89,1
607438,广西,2002,6690,交通运输业,股份有限公司,自然人,0.87,1
608662,广西,2001,NA,社区服务,农民专业合作社,企业法人,0.77,1
609913,广西,2008,6960,交通运输业,股份有限公司,自然人,0.97,1
612350,广西,2007,8270,工业,集体所有制企业,企业法人,0.53,1
614048,广西,2003,520,服务业,股份有限公司,自然人,0.99,1
618245,广西,2000,6090,零售业,合伙企业,自然人,0.52,1
618637,广西,2013,7510,社区服务,集体所有制企业,企业法人,0.64,1
623921,广西,2011,7780,服务业,有限责任公司,自然人,0.89,1
624161,广西,2011,4620,工业,农民专业合作社,企业法人,0.85,1
624790,广西,2003,1550,工业,合伙企业,企业法人,0.58,1
625275,广西,2007,5650,工业,有限责任公司,企业法人,0.92,1
626054,广西,2003,2230,工业,集体所有制企业,企业法人,0.65,1
627418,广西,2003,8310,工业,农民专业合作社,企业法人,0.67,1
628051,广西,2005,9080,工业,有限责任公司,企业法人,0.97,1
630225,广西,2009,1360,交通运输业,集体所有制企业,自然人,0.67,1
632280,广西,2002,2030,商业服务业,集体所有制企业,自然人,0.66,1
634362,广西,2014,9970,NA,股份有限公司,自然人,0.53,1
634412,广西,2012,7580,服务业,有限责任公司,企业法人,0.64,1
636566,广西,2011,2540,交通运输业,农民专业合作社,自然人,0.91,1
636859,广西,2014,260,服务业,有限责任公司,企业法人,0.91,1
639839,广西,2009,1130,服务业,农民专业合作社,自然人,0.78,1
641269,广西,2004,580,服务业,集体所有制企业,企业法人,0.76,1
641828,广西,2008,5590,零售业,农民专业合作社,企业法人,0.58,1
642371,广西,2005,580,交通运输业,有限责任公司,自然人,0.73,1
642553,广西,2014,4110,商业服务业,有限责任公司,企业法人,NA,1
644363,广西,2011,6630,交通运输业,有限责任公司,自然人,0.91,1
648604,广西,2013,5830,商业服务业,合伙企业,企业法人,0.61,1
650268,广西,2003,3160,服务业,合伙企业,企业法人,0.86,1
650710,广西,2000,2530,社区服务,合伙企业,企业法人,0.67,1
651203,广西,2004,5450,社区服务,合伙企业,企业法人,0.56,1
652801,广西,2012,420,商业服务业,合伙企业,企业法人,0.61,1
655035,广西,2008,4800,社区服务,农民专业合作社,自然人,0.81,1
655368,广西,2008,7180,社区服务,农民专业合作社,企业法人,0.73,1
655749,广西,2005,1960,商业服务业,农民专业合作社,自然人,0.98,1
657986,广西,2009,940,工业,农民专业合作社,企业法人,1,1
658654,广西,2009,1620,零售业,集体所有制企业,企业法人,0.69,1
658846,广西,2003,7940,社区服务,合伙企业,企业法人,0.94,1
660613,广西,2008,1830,零售业,农民专业合作社,企业法人,1,1
661386,广西,2007,830,交通运输业,合伙企业,自然人,0.67,1
673299,广西,2006,2090,工业,集体所有制企业,自然人,0.83,1
673950,广西,2011,5510,工业,有限责任公司,企业法人,0.55,1
675070,广西,2007,7730,服务业,股份有限公司,企业法人,0.79,1
675551,广西,2006,3520,工业,有限责任公司,企业法人,0.67,1
679230,广西,2014,760,服务业,集体所有制企业,企业法人,1,1
680720,广西,2012,9390,工业,合伙企业,自然人,0.95,1
680921,广西,2002,3280,社区服务,集体所有制企业,企业法人,0.95,1
682478,广西,2003,2210,交通运输业,集体所有制企业,自然人,0.95,1
683262,广西,2013,3530,工业,合伙企业,企业法人,0.58,1
684194,广西,2011,9450,交通运输业,农民专业合作社,自然人,0.6,1
684378,广西,2012,6030,服务业,有限责任公司,自然人,0.92,1
689452,广西,2013,4130,服务业,股份有限公司,企业法人,0.85,1
691289,广西,2000,1850,服务业,有限责任公司,自然人,0.81,1
691296,广西,2011,7790,服务业,合伙企业,企业法人,0.65,1
693420,广西,2002,6590,交通运输业,股份有限公司,自然人,0.77,1
694488,广西,2008,1330,交通运输业,合伙企业,自然人,NA,1
694774,广西,2014,570,工业,农民专业合作社,企业法人,0.55,1
694862,广西,2002,1200,工业,有限责任公司,企业法人,0.83,1
694979,广西,2001,1480,工业,股份有限公司,企业法人,0.75,1
695558,广西,2008,8740,社区服务,农民专业合作社,企业法人,0.75,1
696008,广西,2003,6220,工业,农民专业合作社,企业法人,0.9,1
697260,广西,2009,2070,服务业,农民专业合作社,企业法人,0.55,1
697348,广西,2008,4440,交通运输业,农民专业合作社,自然人,0.74,1
697416,广西,2002,6920,服务业,集体所有制企业,自然人,0.98,1
698066,广西,2003,4460,服务业,集体所有制企业,自然人,NA,1
698327,广西,2006,6870,服务业,农民专业合作社,自然人,0.89,1
700062,广西,2003,1120,服务业,有限责任公司,自然人,0.76,1
701353,广西,2011,1100,工业,有限责任公司,自然人,0.57,1
701504,广西,2008,5270,交通运输业,集体所有制企业,企业法人,0.82,1
702161,广西,2012,8570,服务业,股份有限公司,自然人,0.94,1
703019,广西,2008,9870,零售业,集体所有制企业,自然人,0.76,1
704966,广西,2006,700,社区服务,农民专业合作社,自然人,0.98,1
705818,广西,2006,3560,商业服务业,集体所有制企业,企业法人,0.87,1
711112,广西,2006,4220,社区服务,有限责任公司,自然人,0.82,1
721712,广西,2014,1530,社区服务,农民专业合作社,自然人,0.7,1
722356,广西,2012,3190,商业服务业,农民专业合作社,企业法人,0.93,1
722568,广西,2010,9160,零售业,有限责任公司,自然人,0.74,1
724723,广西,2005,1470,交通运输业,有限责任公司,自然人,0.62,1
726419,广西,2007,2310,服务业,农民专业合作社,自然人,0.9,1
726734,广西,2002,910,零售业,农民专业合作社,企业法人,0.97,1
727411,广西,2013,5650,商业服务业,股份有限公司,NA,0.76,1
727988,广西,2004,6470,社区服务,农民专业合作社,自然人,0.85,1
732920,广西,2009,7290,工业,股份有限公司,自然人,0.51,1
733005,广西,2010,6300,交通运输业,有限责任公司,企业法人,0.96,1
735358,广西,2014,6510,交通运输业,集体所有制企业,自然人,NA,1
736213,广西,2008,2140,社区服务,股份有限公司,自然人,0.8,1
736462,广西,2003,8600,商业服务业,集体所有制企业,企业法人,0.54,1
740449,广西,2007,4770,社区服务,集体所有制企业,自然人,0.94,1
741251,广西,2011,2460,交通运输业,集体所有制企业,自然人,0.79,1
742085,广西,2003,9400,工业,股份有限公司,企业法人,1,1
742677,广西,2010,4270,零售业,合伙企业,企业法人,0.93,1
743077,广西,2014,2620,商业服务业,合伙企业,企业法人,0.57,1
744016,广西,2002,3880,交通运输业,集体所有制企业,企业法人,0.59,1
745399,广西,2005,1470,零售业,集体所有制企业,企业法人,0.51,1
746130,广西,2008,9550,工业,股份有限公司,自然人,0.58,1
749146,广西,2003,7520,服务业,农民专业合作社,企业法人,0.76,1
750552,广西,2014,7430,交通运输业,合伙企业,企业法人,0.53,1
752879,广西,2009,2360,零售业,集体所有制企业,自然人,0.54,1
754366,广西,2008,5490,工业,农民专业合作社,企业法人,0.67,1
754381,广西,NA,8740,服务业,集体所有制企业,企业法人,0.53,1
755928,广西,2006,2990,工业,农民专业合作社,自然人,0.53,1
757655,广西,2012,7630,商业服务业,农民专业合作社,自然人,0.84,1
757965,广西,2010,1210,商业服务业,农民专业合作社,自然人,0.54,1
758412,广西,2013,4700,服务业,有限责任公司,自然人,0.72,1
758964,广西,2010,9450,工业,有限责任公司,自然人,0.97,1
759743,广西,2010,4030,服务业,农民专业合作社,自然人,0.76,1
761869,广西,2009,7260,零售业,集体所有制企业,企业法人,0.94,1
763577,广西,2000,590,工业,集体所有制企业,自然人,0.75,1
767334,广西,2001,1230,工业,农民专业合作社,自然人,0.87,1
768734,广西,2011,5340,服务业,农民专业合作社,自然人,0.97,1
770386,广西,2014,8230,交通运输业,集体所有制企业,自然人,0.95,1
772569,广西,2013,9200,服务业,集体所有制企业,企业法人,0.86,1
774458,广西,2004,690,服务业,合伙企业,自然人,0.74,1
778601,广西,2012,1360,零售业,集体所有制企业,自然人,0.52,1
778660,广西,2008,5460,服务业,农民专业合作社,企业法人,0.77,1
784189,广西,2005,6820,服务业,农民专业合作社,自然人,0.75,1
784415,广西,2012,1080,工业,有限责任公司,企业法人,0.83,1
785628,广西,2008,4010,服务业,集体所有制企业,自然人,0.79,1
786174,广西,2005,4500,工业,股份有限公司,自然人,0.71,1
787135,广西,2001,2330,服务业,股份有限公司,自然人,0.8,1
787288,广西,2009,2670,交通运输业,集体所有制企业,自然人,0.61,1
787466,广西,2012,4510,商业服务业,有限责任公司,企业法人,0.63,1
789454,广西,2011,5540,商业服务业,集体所有制企业,企业法人,0.64,1
790259,广西,2014,3470,服务业,农民专业合作社,企业法人,0.73,1
790646,广西,2011,260,社区服务,集体所有制企业,自然人,0.59,1
792185,广西,2001,2120,工业,农民专业合作社,自然人,0.68,1
794222,广西,2011,3250,交通运输业,集体所有制企业,企业法人,0.96,1
794291,广西,2014,3980,服务业,农民专业合作社,企业法人,0.75,1
795548,广西,2007,9540,交通运输业,集体所有制企业,企业法人,0.75,1
798425,广西,2003,5090,零售业,股份有限公司,自然人,0.58,1
798453,广西,2010,9350,社区服务,有限责任公司,企业法人,0.99,1
798653,广西,2010,6970,服务业,农民专业合作社,企业法人,0.71,1
801899,广西,2006,4780,服务业,合伙企业,企业法人,0.93,1
802829,广西,2002,1590,社区服务,有限责任公司,企业法人,0.98,1
803692,广西,2007,6940,商业服务业,集体所有制企业,自然人,0.65,1
804286,广西,2014,3240,交通运输业,农民专业合作社,自然人,0.68,1
805644,广西,2010,5050,服务业,集体所有制企业,自然人,0.93,1
806964,广西,2006,240,交通运输业,集体所有制企业,企业法人,0.78,1
807320,广西,2012,3830,工业,股份有限公司,企业法人,0.57,1
808257,广西,2002,3680,商业服务业,NA,企业法人,0.82,1
809161,广西,2011,9790,商业服务业,有限责任公司,企业法人,0.78,1
811566,广西,2005,6950,工业,合伙企业,自然人,0.77,1
811729,广西,2002,3700,交通运输业,农民专业合作社,企业法人,0.93,1
812309,广西,2011,NA,社区服务,有限责任公司,企业法人,0.56,1
813666,广西,2010,9510,商业服务业,股份有限公司,自然人,0.53,1
816468,广西,2001,2570,服务业,股份有限公司,企业法人,0.85,1
816857,广西,2006,3060,交通运输业,合伙企业,企业法人,0.74,1
820523,广西,2007,1140,工业,农民专业合作社,自然人,0.8,1
830958,广西,2002,7260,工业,集体所有制企业,自然人,0.62,1
834232,广西,2005,8470,工业,股份有限公司,自然人,0.52,1
836149,广西,2005,590,交通运输业,集体所有制企业,自然人,0.64,1
836502,广西,2011,4410,社区服务,农民专业合作社,自然人,0.76,1
836754,广西,2005,9610,社区服务,农民专业合作社,NA,0.73,1
836851,广西,2002,220,商业服务业,集体所有制企业,自然人,1,1
838802,广西,2001,6700,商业服务业,合伙企业,企业法人,0.53,1
838861,广西,2011,6330,零售业,股份有限公司,自然人,0.87,1
839013,广西,2000,8000,社区服务,集体所有制企业,自然人,0.57,1
840506,广西,2007,4030,零售业,农民专业合作社,企业法人,0.61,1
841244,广西,2012,6830,服务业,农民专业合作社,企业法人,0.69,1
843977,广西,2002,2040,商业服务业,有限责任公司,企业法人,0.88,1
846589,广西,2012,6480,工业,农民专业合作社,自然人,0.58,1
847029,广西,2009,7720,商业服务业,农民专业合作社,企业法人,0.82,1
848343,广西,2010,8890,交通运输业,有限责任公司,企业法人,0.81,1
850079,广西,2004,240,服务业,农民专业合作社,自然人,0.96,1
851035,广西,2004,160,零售业,集体所有制企业,自然人,0.92,1
851216,广西,2014,8720,工业,合伙企业,自然人,0.68,1
855703,广西,2001,9000,交通运输业,股份有限公司,企业法人,0.72,1
858439,广西,2009,8330,交通运输业,集体所有制企业,自然人,0.52,1
858698,广西,2006,9540,交通运输业,集体所有制企业,企业法人,0.77,1
859508,广西,2002,5560,服务业,股份有限公司,自然人,0.58,1
865941,广西,2011,9200,社区服务,有限责任公司,自然人,0.55,1
866184,广西,2010,3340,工业,股份有限公司,自然人,0.52,1
866262,广西,2009,3870,商业服务业,NA,企业法人,0.76,1
867189,广西,2005,7430,服务业,有限责任公司,自然人,0.67,1
868486,广西,2000,5840,商业服务业,农民专业合作社,企业法人,0.65,1
868620,广西,2002,4720,工业,股份有限公司,企业法人,0.66,1
872064,广西,2000,5460,商业服务业,股份有限公司,自然人,0.92,1
876549,广西,2013,NA,商业服务业,股份有限公司,自然人,0.85,1
877551,广西,2007,2760,商业服务业,合伙企业,自然人,0.67,1
879420,广西,2013,1760,服务业,集体所有制企业,企业法人,0.54,1
880109,广西,2012,8310,服务业,股份有限公司,自然人,0.78,1
883481,广西,2004,1990,服务业,股份有限公司,自然人,0.76,1
884636,广西,2014,4870,零售业,有限责任公司,企业法人,0.72,1
885084,广西,2007,6600,社区服务,集体所有制企业,自然人,0.87,1
887688,广西,2011,2120,零售业,有限责任公司,自然人,0.71,1
888046,广西,2000,6810,工业,股份有限公司,自然人,0.79,1
889970,广西,2010,2470,交通运输业,有限责任公司,自然人,0.53,1
890532,广西,2008,6190,服务业,农民专业合作社,自然人,0.73,1
891658,广西,2003,7890,商业服务业,有限责任公司,自然人,0.56,1
892035,广西,2001,6560,零售业,农民专业合作社,自然人,0.84,1
893644,广西,2009,8270,零售业,农民专业合作社,自然人,1,1
894699,广西,NA,5240,商业服务业,集体所有制企业,自然人,0.84,1
895136,广西,2009,5030,零售业,集体所有制企业,自然人,0.97,1
895733,广西,2000,9470,服务业,集体所有制企业,企业法人,0.71,1
896420,广西,2014,5380,商业服务业,有限责任公司,自然人,0.77,1
897240,广西,2001,8220,交通运输业,农民专业合作社,企业法人,0.97,1
898082,广西,2005,1850,交通运输业,合伙企业,自然人,0.94,1
899364,广西,2007,530,社区服务,农民专业合作社,自然人,0.63,1
899516,广西,2002,2560,商业服务业,合伙企业,自然人,0.97,1
903621,广西,2000,7570,工业,有限责任公司,自然人,0.55,1
904094,广西,2000,9300,零售业,有限责任公司,自然人,0.71,1
905147,广西,2001,6960,商业服务业,农民专业合作社,企业法人,0.68,1
906489,广西,2001,910,服务业,合伙企业,企业法人,0.67,1
907024,广西,2008,6870,商业服务业,集体所有制企业,企业法人,0.61,1
907497,广西,2002,8510,商业服务业,集体所有制企业,自然人,0.69,1
908729,广西,2013,9800,零售业,集体所有制企业,企业法人,0.82,1
909751,广西,2006,9440,NA,农民专业合作社,企业法人,0.78,1
911241,广西,2003,3420,社区服务,合伙企业,企业法人,0.81,1
915226,广西,2008,6640,零售业,合伙企业,企业法人,0.7,1
915965,广西,2005,2410,社区服务,合伙企业,自然人,0.6,1
916158,广西,2013,7850,商业服务业,股份有限公司,自然人,0.89,1
920443,广西,2011,8710,工业,合伙企业,自然人,0.69,1
925576,广西,2003,3780,零售业,合伙企业,企业法人,0.73,1
925642,广西,2009,2950,NA,合伙企业,企业法人,0.71,1
928785,广西,2008,7420,交通运输业,合伙企业,企业法人,1,1
930622,广西,NA,4520,商业服务业,农民专业合作社,自然人,0.56,1
934012,广西,2002,3120,工业,集体所有制企业,自然人,0.74,1
936685,广西,2004,8650,工业,集体所有制企业,企业法人,0.79,1
938572,广西,2000,9190,商业服务业,集体所有制企业,企业法人,0.56,1
939737,广西,2000,7120,零售业,股份有限公司,企业法人,0.87,1
939842,广西,2006,1160,社区服务,集体所有制企业,自然人,0.94,1
940274,广西,2009,4730,商业服务业,有限责任公司,自然人,0.6,1
940520,广西,2011,2920,工业,合伙企业,企业法人,0.68,1
941460,广西,2014,7870,零售业,股份有限公司,自然人,0.93,1
941831,广西,2007,5800,商业服务业,合伙企业,自然人,0.53,1
943004,广西,2004,6410,服务业,有限责任公司,自然人,0.78,1
945321,广西,2004,2820,零售业,NA,企业法人,0.72,1
946105,广西,2006,5120,零售业,集体所有制企业,自然人,0.99,1
946926,广西,2005,7470,零售业,有限责任公司,企业法人,0.8,1
947407,广西,2005,2880,服务业,合伙企业,企业法人,0.64,1
948056,广西,2005,5790,社区服务,合伙企业,企业法人,0.62,1
950521,广西,2002,2360,商业服务业,有限责任公司,自然人,0.81,1
954299,广西,2004,7770,零售业,合伙企业,企业法人,0.66,1
958313,广西,2013,6570,零售业,农民专业合作社,自然人,0.9,1
961439,广西,2009,1060,交通运输业,合伙企业,自然人,0.53,1
961696,广西,2013,4150,工业,集体所有制企业,企业法人,0.86,1
964748,广西,2011,3120,服务业,农民专业合作社,企业法人,0.56,1
970777,广西,2014,5410,商业服务业,集体所有制企业,企业法人,0.58,1
971947,广西,2010,1480,工业,农民专业合作社,企业法人,0.93,1
972385,广西,2005,8520,社区服务,农民专业合作社,企业法人,0.75,1
972614,广西,2005,8350,工业,集体所有制企业,企业法人,0.55,1
972652,广西,2014,510,零售业,合伙企业,自然人,0.97,1
973160,广西,2013,1950,零售业,农民专业合作社,企业法人,0.81,1
973733,广西,2013,8980,零售业,股份有限公司,自然人,0.87,1
974655,广西,2005,7210,商业服务业,有限责任公司,自然人,0.55,1
975128,广西,2006,9670,社区服务,集体所有制企业,企业法人,0.89,1
976558,广西,2003,4710,零售业,股份有限公司,自然人,0.63,1
977649,广西,2013,4170,交通运输业,有限责任公司,企业法人,0.74,1
977842,广西,2012,6960,社区服务,有限责任公司,企业法人,0.74,1
979085,广西,2003,9490,NA,农民专业合作社,自然人,0.68,1
979586,广西,2009,1670,商业服务业,股份有限公司,自然人,0.51,1
980175,广西,2003,5000,服务业,有限责任公司,企业法人,0.79,1
980647,广西,2010,7520,服务业,合伙企业,企业法人,0.53,1
981024,广西,2001,2580,服务业,农民专业合作社,企业法人,0.79,1
981629,广西,2000,1200,交通运输业,有限责任公司,自然人,0.64,1
981885,广西,2007,2960,服务业,有限责任公司,自然人,0.88,1
982384,广西,2013,8180,商业服务业,合伙企业,自然人,0.55,1
982925,广西,2003,9430,服务业,合伙企业,企业法人,0.95,1
983152,广西,2007,5640,工业,合伙企业,自然人,0.75,1
983451,广西,NA,4310,服务业,合伙企业,企业法人,0.66,1
984947,广西,2008,9850,交通运输业,股份有限公司,自然人,0.58,1
986619,广西,2008,4270,服务业,集体所有制企业,自然人,0.65,1
989893,广西,2011,6750,商业服务业,集体所有制企业,自然人,0.56,1
990259,广西,2004,7650,零售业,合伙企业,企业法人,0.8,1
990377,广西,2010,5420,交通运输业,股份有限公司,自然人,0.75,1
991716,广西,2009,7180,服务业,有限责任公司,企业法人,0.92,1
992532,广西,2004,5720,工业,集体所有制企业,自然人,0.8,1
993068,广西,2006,210,交通运输业,有限责任公司,企业法人,0.55,1
994882,广西,2014,2930,工业,有限责任公司,企业法人,0.97,1
995167,广西,2000,450,商业服务业,合伙企业,自然人,0.76,1
995692,广西,2009,640,零售业,有限责任公司,自然人,0.56,1
996533,广西,2013,430,社区服务,农民专业合作社,自然人,0.95,1
1001898,广西,2004,6510,零售业,股份有限公司,自然人,0.68,1
1002273,广西,2006,5370,服务业,合伙企业,企业法人,0.58,1
1002500,广西,2010,7900,社区服务,有限责任公司,自然人,0.56,1
1003711,广西,2000,2250,服务业,股份有限公司,企业法人,0.93,1
1004061,广西,2006,6600,商业服务业,集体所有制企业,企业法人,0.98,1
1004463,广西,2010,290,商业服务业,股份有限公司,自然人,0.62,1
1005202,广西,2009,2200,商业服务业,集体所有制企业,自然人,0.86,1
1006702,广西,2011,9800,商业服务业,集体所有制企业,自然人,0.83,1
1008267,广西,2003,4540,工业,农民专业合作社,自然人,0.93,1
1012072,广西,2000,1650,零售业,集体所有制企业,自然人,0.78,1
1017442,广西,2010,9590,商业服务业,有限责任公司,企业法人,0.81,1
1018270,广西,2001,4490,社区服务,合伙企业,企业法人,0.52,1
1018554,广西,2013,4790,工业,合伙企业,自然人,1,1
1019869,广西,2000,7210,服务业,集体所有制企业,企业法人,0.56,1
1021717,广西,2012,5280,商业服务业,合伙企业,企业法人,0.86,1
1022311,广西,2008,2740,社区服务,有限责任公司,自然人,0.85,1
1023159,广西,2014,9270,零售业,有限责任公司,自然人,0.88,1
1025694,广西,2007,630,社区服务,合伙企业,企业法人,0.92,1
1025781,广西,2011,4160,交通运输业,农民专业合作社,企业法人,0.56,1
1025921,广西,NA,6240,零售业,合伙企业,企业法人,0.89,1
1026536,广西,2003,2120,零售业,农民专业合作社,企业法人,1,1
1027661,广西,2010,2970,交通运输业,股份有限公司,企业法人,0.66,1
1028595,广西,2000,760,服务业,有限责任公司,企业法人,0.73,1
1029916,广西,2012,3090,交通运输业,合伙企业,企业法人,0.7,1
1031361,广西,2005,6310,交通运输业,集体所有制企业,自然人,0.72,1
1031896,广西,2011,4170,NA,农民专业合作社,企业法人,0.54,1
1032874,广西,2014,2970,工业,有限责任公司,自然人,0.7,1
1033259,广西,2014,9830,服务业,股份有限公司,企业法人,0.66,1
1033936,广西,2006,1190,工业,有限责任公司,企业法人,0.93,1
1034551,广西,2012,7770,工业,合伙企业,企业法人,0.53,1
1036557,广西,2000,4530,商业服务业,集体所有制企业,自然人,0.8,1
1039575,广西,2014,2490,商业服务业,股份有限公司,自然人,0.88,1
1039893,广西,2009,8970,商业服务业,农民专业合作社,自然人,0.51,1
1043409,广西,2011,6640,服务业,集体所有制企业,企业法人,0.64,1
1047532,广西,2012,5370,零售业,股份有限公司,企业法人,0.98,1
1047855,广西,2004,1040,服务业,股份有限公司,自然人,0.87,1
1048572,广西,2013,620,零售业,农民专业合作社,企业法人,0.58,1
1051060,广西,2001,1640,商业服务业,农民专业合作社,自然人,0.94,1
1051704,广西,2011,8540,商业服务业,农民专业合作社,自然人,0.79,1
1052292,广西,2008,8440,商业服务业,有限责任公司,自然人,0.54,1
1053295,广西,2007,1920,工业,农民专业合作社,企业法人,0.91,1
1054207,广西,2000,630,商业服务业,合伙企业,企业法人,0.66,1
1056717,广西,2011,9970,商业服务业,合伙企业,企业法人,0.8,1
1057611,广西,2002,8630,工业,股份有限公司,企业法人,0.85,1
1057837,广西,2014,7390,服务业,股份有限公司,企业法人,0.69,1
1058154,广西,2010,1220,工业,集体所有制企业,自然人,0.79,1
1058953,广西,2008,8110,服务业,有限责任公司,自然人,0.61,1
1060459,广西,2000,3540,服务业,有限责任公司,自然人,0.9,1
1066610,广西,2007,6600,工业,农民专业合作社,企业法人,0.98,1
1068324,广西,2002,7580,交通运输业,合伙企业,企业法人,0.89,1
1069466,广西,2010,6840,交通运输业,股份有限公司,自然人,0.62,1
1071905,广西,2004,8690,服务业,股份有限公司,企业法人,0.98,1
1073312,广西,NA,2300,零售业,股份有限公司,企业法人,0.94,1
1073336,广西,2001,4790,零售业,集体所有制企业,企业法人,0.85,1
1073616,广西,2014,400,交通运输业,有限责任公司,自然人,0.53,1
1075862,广西,2004,1490,NA,合伙企业,企业法人,0.85,1
1076651,广西,2006,1940,零售业,合伙企业,企业法人,0.74,1
